fold,score,r2,n_sample,source,sub_name,best_params,feature_type,source_data,target_data,features T-14,features T-13,features T-12,features T-11,features T-10,features T-9,features T-8,features T-7,features T-6,features T-5,features T-4,features T-3,features T-2,features T-1
0,0.16223419818457097,0.142227505577469,685,same,1,bootstrap:True|ccp_alpha:0.0|criterion:mse|max_depth:9|max_features:auto|max_leaf_nodes:None|max_samples:None|min_impurity_decrease:0.0|min_impurity_split:None|min_samples_leaf:1|min_samples_split:2|min_weight_fraction_leaf:0.0|n_estimators:1000|n_jobs:1|oob_score:False|random_state:12345|verbose:0|warm_start:False,confidence-accuracy,Cognitive,Memory,0.033484432449251145,0.018622147558932788,0.007933075934818956,0.013188174397235897,0.008992501558418664,0.015558111511219153,0.03864532119614077,0.000695188299113636,0.0005160794743416907,-0.001874186861418581,0.0015586085636489556,0.0005288993061628,0.0008139657731111915,0.0014103778272979816
1,-0.01758047424495901,-0.0716425354380974,593,same,10,bootstrap:True|ccp_alpha:0.0|criterion:mse|max_depth:9|max_features:auto|max_leaf_nodes:None|max_samples:None|min_impurity_decrease:0.0|min_impurity_split:None|min_samples_leaf:1|min_samples_split:2|min_weight_fraction_leaf:0.0|n_estimators:1000|n_jobs:1|oob_score:False|random_state:12345|verbose:0|warm_start:False,confidence-accuracy,Cognitive,Memory,0.00888102178003467,0.0007737014082441984,-0.000405129480549693,-0.008339403668248212,-0.007054943627233956,0.016305555719674604,0.04082940084445186,0.0009561270986281123,-6.010787318806443e-05,0.00023435109396325872,5.469177649466417e-05,-0.000641237976657294,-0.00045224995541119916,0.0010378464744520866
2,0.2391542186985005,0.21622065226488973,588,same,11,bootstrap:True|ccp_alpha:0.0|criterion:mse|max_depth:9|max_features:auto|max_leaf_nodes:None|max_samples:None|min_impurity_decrease:0.0|min_impurity_split:None|min_samples_leaf:1|min_samples_split:2|min_weight_fraction_leaf:0.0|n_estimators:1000|n_jobs:1|oob_score:False|random_state:12345|verbose:0|warm_start:False,confidence-accuracy,Cognitive,Memory,0.016544572275783497,0.02211183842932716,0.03132721356338301,0.008144020488930547,0.02533792212080317,0.05678306525289787,0.11152551688504449,0.0013191662401649707,-0.00030145120019098304,0.00022499348591917823,0.0012158904430052075,0.00039715648478009233,0.0017416741544334703,0.001325705852612269
3,0.283467620940719,0.27815024858588266,703,same,12,bootstrap:True|ccp_alpha:0.0|criterion:mse|max_depth:9|max_features:auto|max_leaf_nodes:None|max_samples:None|min_impurity_decrease:0.0|min_impurity_split:None|min_samples_leaf:1|min_samples_split:2|min_weight_fraction_leaf:0.0|n_estimators:1000|n_jobs:1|oob_score:False|random_state:12345|verbose:0|warm_start:False,confidence-accuracy,Cognitive,Memory,0.015964714910807244,0.026972572782987193,0.02975437498576925,0.024124208620185585,0.029533983623668148,0.05326186328671563,0.11142678910771056,-0.0009442606115682483,-0.0006892539913938567,-0.0009389140716429045,0.00026259814850093655,-1.4517531125268767e-05,0.00015718860558753268,0.0017284836686140004
4,0.2855486746637401,0.23300861920999527,314,same,13,bootstrap:True|ccp_alpha:0.0|criterion:mse|max_depth:9|max_features:auto|max_leaf_nodes:None|max_samples:None|min_impurity_decrease:0.0|min_impurity_split:None|min_samples_leaf:1|min_samples_split:2|min_weight_fraction_leaf:0.0|n_estimators:1000|n_jobs:1|oob_score:False|random_state:12345|verbose:0|warm_start:False,confidence-accuracy,Cognitive,Memory,0.018324081660676027,0.022122805019826754,0.02147879732367395,0.027252930030688138,0.027672439257514482,0.04017630156405842,0.10790570769278658,0.001000636633507468,-0.0010974834051364012,3.630803423610995e-05,0.00024371671483804924,0.0006995993402452383,-0.00021960351836454174,0.0016361359911860386
5,0.11236909872702561,-0.04477275237301348,329,same,14,bootstrap:True|ccp_alpha:0.0|criterion:mse|max_depth:9|max_features:auto|max_leaf_nodes:None|max_samples:None|min_impurity_decrease:0.0|min_impurity_split:None|min_samples_leaf:1|min_samples_split:2|min_weight_fraction_leaf:0.0|n_estimators:1000|n_jobs:1|oob_score:False|random_state:12345|verbose:0|warm_start:False,confidence-accuracy,Cognitive,Memory,0.023250295239523287,-0.004328442755767848,0.023501966967388932,0.0038745615121654974,0.014204578737861939,0.031585490109105274,0.05845952898498112,-0.0010491863755279552,9.32648451950735e-05,0.0012836868801430201,-0.0024956815960998522,0.0011813709754407542,-0.0014733451520278385,0.00030848778561205493
6,0.25283427826563176,0.1854870597522078,408,same,15,bootstrap:True|ccp_alpha:0.0|criterion:mse|max_depth:9|max_features:auto|max_leaf_nodes:None|max_samples:None|min_impurity_decrease:0.0|min_impurity_split:None|min_samples_leaf:1|min_samples_split:2|min_weight_fraction_leaf:0.0|n_estimators:1000|n_jobs:1|oob_score:False|random_state:12345|verbose:0|warm_start:False,confidence-accuracy,Cognitive,Memory,0.021353006062475567,0.018968952590185762,0.018957542501053682,0.02313462986500734,0.017204424373679972,0.03867247656265886,0.11870866572735668,-0.00031878116326615745,-0.001672081382553392,0.004598314419319771,-0.0008138901213136984,-0.0017913704731965297,0.0017814601405277796,0.0013075822631074096
7,0.2047944738867461,0.056412570848132115,246,same,16,bootstrap:True|ccp_alpha:0.0|criterion:mse|max_depth:9|max_features:auto|max_leaf_nodes:None|max_samples:None|min_impurity_decrease:0.0|min_impurity_split:None|min_samples_leaf:1|min_samples_split:2|min_weight_fraction_leaf:0.0|n_estimators:1000|n_jobs:1|oob_score:False|random_state:12345|verbose:0|warm_start:False,confidence-accuracy,Cognitive,Memory,0.020325435276896654,0.020638482971326887,-4.146283754291602e-06,0.024323095282388185,0.03469817434034668,0.042670849156505854,0.10484009009462184,0.0006537270064103096,-0.00249742659545249,0.00113850821715904,-0.0023132481035878618,-0.0017246364754795796,0.003050852434170004,-0.0006296417186770098
8,-0.030233431148635193,-0.06983396332921954,351,same,17,bootstrap:True|ccp_alpha:0.0|criterion:mse|max_depth:9|max_features:auto|max_leaf_nodes:None|max_samples:None|min_impurity_decrease:0.0|min_impurity_split:None|min_samples_leaf:1|min_samples_split:2|min_weight_fraction_leaf:0.0|n_estimators:1000|n_jobs:1|oob_score:False|random_state:12345|verbose:0|warm_start:False,confidence-accuracy,Cognitive,Memory,0.016567512805147944,0.0006483506990870413,0.008934825333868046,0.00715361747050296,0.010094386886082062,-0.019275032184861395,-0.018056753269678837,0.0040373992959820805,-0.0020431460201885353,-8.24323536807725e-06,0.0030763385129387367,0.0004225684504666649,0.005772583313728319,0.004403439454328417
9,0.33769030934926514,0.12911382297811647,782,same,18,bootstrap:True|ccp_alpha:0.0|criterion:mse|max_depth:9|max_features:auto|max_leaf_nodes:None|max_samples:None|min_impurity_decrease:0.0|min_impurity_split:None|min_samples_leaf:1|min_samples_split:2|min_weight_fraction_leaf:0.0|n_estimators:1000|n_jobs:1|oob_score:False|random_state:12345|verbose:0|warm_start:False,confidence-accuracy,Cognitive,Memory,0.029293440180230657,0.03814758672070719,0.03949340624943143,0.029428694390056354,0.03717428276921286,0.03222372639257198,0.11950532498007811,0.0013789785187938053,0.0019302482473939398,-5.919761065900087e-05,-0.0012258386960422695,0.0011441857775996045,-0.0022511652413976123,-0.0007316268709574248
10,0.6122212675930683,0.6063783074868987,811,same,19,bootstrap:True|ccp_alpha:0.0|criterion:mse|max_depth:9|max_features:auto|max_leaf_nodes:None|max_samples:None|min_impurity_decrease:0.0|min_impurity_split:None|min_samples_leaf:1|min_samples_split:2|min_weight_fraction_leaf:0.0|n_estimators:1000|n_jobs:1|oob_score:False|random_state:12345|verbose:0|warm_start:False,confidence-accuracy,Cognitive,Memory,0.059143039749340896,0.06808503063029522,0.07491679193798687,0.07795261910492754,0.08062801326620324,0.1039326273779801,0.1966936527840227,-0.00015083030406832788,-0.0004861662674510159,-0.00025007104527647873,0.000550439932137392,0.00025479471766409745,0.00018753435709750743,-0.0005840610433167414
11,0.21680623055452297,0.18605273096314978,607,same,2,bootstrap:True|ccp_alpha:0.0|criterion:mse|max_depth:9|max_features:auto|max_leaf_nodes:None|max_samples:None|min_impurity_decrease:0.0|min_impurity_split:None|min_samples_leaf:1|min_samples_split:2|min_weight_fraction_leaf:0.0|n_estimators:1000|n_jobs:1|oob_score:False|random_state:12345|verbose:0|warm_start:False,confidence-accuracy,Cognitive,Memory,0.012659758501147112,0.013172874091267817,0.02614192235385888,0.015680681779254146,0.02154290176885725,0.04909283513162719,0.06874913144480628,0.00118610108623165,-2.7293611669132466e-05,-0.000907065302252752,0.0005894696149528311,-0.0015473891905092296,0.0009212400688383582,0.0011939142178317042
12,0.20300325874582026,0.036615707815620846,325,same,20,bootstrap:True|ccp_alpha:0.0|criterion:mse|max_depth:9|max_features:auto|max_leaf_nodes:None|max_samples:None|min_impurity_decrease:0.0|min_impurity_split:None|min_samples_leaf:1|min_samples_split:2|min_weight_fraction_leaf:0.0|n_estimators:1000|n_jobs:1|oob_score:False|random_state:12345|verbose:0|warm_start:False,confidence-accuracy,Cognitive,Memory,0.01620123642564224,0.005942394624158442,0.043109794672912184,0.027990205298880612,0.03594003394636529,0.05682928951140627,0.06739952080396243,-0.001790428591746962,-0.002743745897245309,-0.0009334848685686348,-0.002335767265039146,0.0026823818100602413,-0.0015035366780274285,-0.0013281086071573744
13,-0.012392883415599742,-0.05515867914065886,363,same,21,bootstrap:True|ccp_alpha:0.0|criterion:mse|max_depth:9|max_features:auto|max_leaf_nodes:None|max_samples:None|min_impurity_decrease:0.0|min_impurity_split:None|min_samples_leaf:1|min_samples_split:2|min_weight_fraction_leaf:0.0|n_estimators:1000|n_jobs:1|oob_score:False|random_state:12345|verbose:0|warm_start:False,confidence-accuracy,Cognitive,Memory,0.007566341470106375,-0.004849115376832613,0.005271348987967018,0.004845481813495933,-0.0004433117228650474,0.017994145986995492,0.0234717875904046,0.0006236972624913406,-0.0007618103847042868,0.005810173719030453,0.0004528758096887131,-0.0007356067609987527,0.0006378249348548692,-0.0010321202108105165
14,0.3027404008282214,0.2354038875986002,345,same,22,bootstrap:True|ccp_alpha:0.0|criterion:mse|max_depth:9|max_features:auto|max_leaf_nodes:None|max_samples:None|min_impurity_decrease:0.0|min_impurity_split:None|min_samples_leaf:1|min_samples_split:2|min_weight_fraction_leaf:0.0|n_estimators:1000|n_jobs:1|oob_score:False|random_state:12345|verbose:0|warm_start:False,confidence-accuracy,Cognitive,Memory,0.018760717672665028,0.014197105602349037,0.030544495476261035,0.021445103348227402,0.03242688864029506,0.023649740469605284,0.1243384981936034,-0.0017549381074787763,0.0013854812862710065,0.0006000904001610907,-0.0016560906097263129,0.00035291969132844603,0.00012884072451195826,-0.0016884203012613951
15,0.16244970053835628,0.10949220879810617,397,same,23,bootstrap:True|ccp_alpha:0.0|criterion:mse|max_depth:9|max_features:auto|max_leaf_nodes:None|max_samples:None|min_impurity_decrease:0.0|min_impurity_split:None|min_samples_leaf:1|min_samples_split:2|min_weight_fraction_leaf:0.0|n_estimators:1000|n_jobs:1|oob_score:False|random_state:12345|verbose:0|warm_start:False,confidence-accuracy,Cognitive,Memory,0.02087106217747714,0.02565783480117345,0.01900802210754913,0.013662024503156811,0.019280684818459837,0.024631354406441885,0.06870035385387532,-0.00046911817528012546,7.733055810967837e-05,0.000756458828552109,-0.0013702198607049132,0.0023739314265175614,-0.0014504882943504604,-0.0014243853178431687
16,0.13757919904145055,0.09504106945014801,301,same,24,bootstrap:True|ccp_alpha:0.0|criterion:mse|max_depth:9|max_features:auto|max_leaf_nodes:None|max_samples:None|min_impurity_decrease:0.0|min_impurity_split:None|min_samples_leaf:1|min_samples_split:2|min_weight_fraction_leaf:0.0|n_estimators:1000|n_jobs:1|oob_score:False|random_state:12345|verbose:0|warm_start:False,confidence-accuracy,Cognitive,Memory,0.01019975885825306,0.004463890305489859,-0.004225648359316003,0.010347563248304947,0.007564133935124273,0.006426830373297743,0.1120409291440887,0.0005587051405676391,0.0004223166059224237,0.0014355248974719404,0.0009383914859852682,-0.0015528465752591147,0.00019990016235424957,0.00044493705553807497
17,0.09593467969002589,0.045838136316061595,763,same,25,bootstrap:True|ccp_alpha:0.0|criterion:mse|max_depth:9|max_features:auto|max_leaf_nodes:None|max_samples:None|min_impurity_decrease:0.0|min_impurity_split:None|min_samples_leaf:1|min_samples_split:2|min_weight_fraction_leaf:0.0|n_estimators:1000|n_jobs:1|oob_score:False|random_state:12345|verbose:0|warm_start:False,confidence-accuracy,Cognitive,Memory,0.0064885512000652625,-0.001914670591528722,0.016920527483005543,0.002284641481029537,0.013803585781426708,0.003173423392522956,0.056868723522539535,-0.00040744409508990386,-0.0009799659043559616,-0.0005468786367048395,-4.7070153472206225e-05,0.0015701104251435228,0.0003859089207132405,0.0005430552662035959
18,0.08411057779686393,-0.026181664430952045,759,same,26,bootstrap:True|ccp_alpha:0.0|criterion:mse|max_depth:9|max_features:auto|max_leaf_nodes:None|max_samples:None|min_impurity_decrease:0.0|min_impurity_split:None|min_samples_leaf:1|min_samples_split:2|min_weight_fraction_leaf:0.0|n_estimators:1000|n_jobs:1|oob_score:False|random_state:12345|verbose:0|warm_start:False,confidence-accuracy,Cognitive,Memory,0.016641222249302846,0.028186299947724747,0.015492861410354886,-0.00044058631291716833,0.003565108685346141,0.008662926439977658,0.04988242743621159,0.001282244013069822,0.0016392875855315348,0.003766905683011035,-0.0030017885472698237,-0.0009845018894964585,-0.0011298511492465525,-0.002285244107163531
19,0.15533932706560705,0.06653972114853668,784,same,27,bootstrap:True|ccp_alpha:0.0|criterion:mse|max_depth:9|max_features:auto|max_leaf_nodes:None|max_samples:None|min_impurity_decrease:0.0|min_impurity_split:None|min_samples_leaf:1|min_samples_split:2|min_weight_fraction_leaf:0.0|n_estimators:1000|n_jobs:1|oob_score:False|random_state:12345|verbose:0|warm_start:False,confidence-accuracy,Cognitive,Memory,0.010891570988366817,0.018318058021860727,0.014341026270660607,0.01797913812129459,0.014785286186475455,0.035623697432966825,0.06758895676933792,-0.0017387693044883302,-0.0001288808641356498,0.002402489502801597,-0.00125876824866209,-0.0007263365771256414,-0.0014501200536221948,-0.0010714198993361456
20,0.10464916130659352,0.0977654019640729,611,same,28,bootstrap:True|ccp_alpha:0.0|criterion:mse|max_depth:9|max_features:auto|max_leaf_nodes:None|max_samples:None|min_impurity_decrease:0.0|min_impurity_split:None|min_samples_leaf:1|min_samples_split:2|min_weight_fraction_leaf:0.0|n_estimators:1000|n_jobs:1|oob_score:False|random_state:12345|verbose:0|warm_start:False,confidence-accuracy,Cognitive,Memory,0.004358075119796268,0.01160150788670029,0.012002933602179144,0.01587868307781053,0.005020276147012281,0.030504966090508522,0.04757874949578493,-0.0002447736520215127,-0.00018420804846284167,-0.0006859351706299365,0.0014214320712946371,0.0016746005144225862,0.0008740553435795162,0.0035402828652681072
21,0.12560245560283978,0.04651862072433266,641,same,29,bootstrap:True|ccp_alpha:0.0|criterion:mse|max_depth:9|max_features:auto|max_leaf_nodes:None|max_samples:None|min_impurity_decrease:0.0|min_impurity_split:None|min_samples_leaf:1|min_samples_split:2|min_weight_fraction_leaf:0.0|n_estimators:1000|n_jobs:1|oob_score:False|random_state:12345|verbose:0|warm_start:False,confidence-accuracy,Cognitive,Memory,0.008460004947175937,0.008805988347803283,0.021405293123027393,0.011565076276296082,0.016440045980753725,0.01773763032693676,0.07266524425470136,-0.00328682274201606,0.002582851973702338,0.0011526234171641337,0.00020850391318973926,-0.0018938604417067183,0.00048003235647446906,-0.002676218071629477
22,0.005578725160124476,-0.0875940504656596,618,same,3,bootstrap:True|ccp_alpha:0.0|criterion:mse|max_depth:9|max_features:auto|max_leaf_nodes:None|max_samples:None|min_impurity_decrease:0.0|min_impurity_split:None|min_samples_leaf:1|min_samples_split:2|min_weight_fraction_leaf:0.0|n_estimators:1000|n_jobs:1|oob_score:False|random_state:12345|verbose:0|warm_start:False,confidence-accuracy,Cognitive,Memory,0.016972227007813846,-0.013884138736898043,-0.004344261552325967,-0.008048932470302495,-0.010718732658747388,-0.012979946769290308,0.07446699137753857,0.001214224161347266,-0.001775933537998453,-0.00019463619843909096,0.001169399063456189,-0.00021607811431916256,0.001944690167497054,-9.773741521508228e-05
23,0.2102345932533406,-0.1023812222843965,595,same,30,bootstrap:True|ccp_alpha:0.0|criterion:mse|max_depth:9|max_features:auto|max_leaf_nodes:None|max_samples:None|min_impurity_decrease:0.0|min_impurity_split:None|min_samples_leaf:1|min_samples_split:2|min_weight_fraction_leaf:0.0|n_estimators:1000|n_jobs:1|oob_score:False|random_state:12345|verbose:0|warm_start:False,confidence-accuracy,Cognitive,Memory,0.013147400827160172,0.024886021866785457,0.030324523891213095,0.01340921987579553,0.0530334273177431,0.011378184068198571,0.08963814972953499,-8.099572340620753e-05,-3.347574263923292e-06,-0.0022651958515266025,0.0002574061805528993,-1.8193779742481375e-05,-0.001856491112219416,-0.0017547640599150371
24,0.458395881123252,0.4571286186075947,694,same,31,bootstrap:True|ccp_alpha:0.0|criterion:mse|max_depth:9|max_features:auto|max_leaf_nodes:None|max_samples:None|min_impurity_decrease:0.0|min_impurity_split:None|min_samples_leaf:1|min_samples_split:2|min_weight_fraction_leaf:0.0|n_estimators:1000|n_jobs:1|oob_score:False|random_state:12345|verbose:0|warm_start:False,confidence-accuracy,Cognitive,Memory,0.026798154660294247,0.053890651213011044,0.04657314096593494,0.0394620750554973,0.04874387239811091,0.05946074290020453,0.15900636693144193,0.00036210390227895404,-0.00010674276359214918,0.0004408727664889867,0.0012359493036401049,0.0011831382859341267,0.000375646792990314,0.0008649824163661668
25,0.18931366027800667,0.18772360365605623,614,same,32,bootstrap:True|ccp_alpha:0.0|criterion:mse|max_depth:9|max_features:auto|max_leaf_nodes:None|max_samples:None|min_impurity_decrease:0.0|min_impurity_split:None|min_samples_leaf:1|min_samples_split:2|min_weight_fraction_leaf:0.0|n_estimators:1000|n_jobs:1|oob_score:False|random_state:12345|verbose:0|warm_start:False,confidence-accuracy,Cognitive,Memory,0.010592715880029146,0.014390218726367587,0.00842670951889799,0.01679084685326706,0.02087001085504885,0.02094761830717904,0.08632996238236759,0.00025655898621199655,-9.967809698940844e-05,-0.0008647154813969272,-0.001543514897796161,0.0007235214930534806,0.0030647805905498426,0.0003422296666568458
26,0.329829162419784,0.32801576154932577,676,same,33,bootstrap:True|ccp_alpha:0.0|criterion:mse|max_depth:9|max_features:auto|max_leaf_nodes:None|max_samples:None|min_impurity_decrease:0.0|min_impurity_split:None|min_samples_leaf:1|min_samples_split:2|min_weight_fraction_leaf:0.0|n_estimators:1000|n_jobs:1|oob_score:False|random_state:12345|verbose:0|warm_start:False,confidence-accuracy,Cognitive,Memory,0.022537941299146325,0.040925683862462536,0.03259462509024173,0.030762465506452473,0.04737760769865351,0.05963925588929653,0.10442207426023727,0.00040821810765645505,-0.000754702767377724,0.0009607006131395091,2.3627259493985696e-05,0.0001282795303376494,0.0019121169513609316,0.000993754467559782
27,0.01916169593710093,-0.016139668862502177,655,same,34,bootstrap:True|ccp_alpha:0.0|criterion:mse|max_depth:9|max_features:auto|max_leaf_nodes:None|max_samples:None|min_impurity_decrease:0.0|min_impurity_split:None|min_samples_leaf:1|min_samples_split:2|min_weight_fraction_leaf:0.0|n_estimators:1000|n_jobs:1|oob_score:False|random_state:12345|verbose:0|warm_start:False,confidence-accuracy,Cognitive,Memory,-0.0018349700653414347,0.005202612735301271,0.0015361631173079094,-0.005855050867853473,-0.0018600134259894041,0.016546370926590524,0.06712725540730677,0.0007383022649192661,-0.0010463937883378848,0.002387962928317289,0.0006543963624448645,0.00010407986110276824,-0.0006479208263098446,-0.00021558398389045496
28,0.5389175956813625,0.44732183561843963,236,same,35,bootstrap:True|ccp_alpha:0.0|criterion:mse|max_depth:9|max_features:auto|max_leaf_nodes:None|max_samples:None|min_impurity_decrease:0.0|min_impurity_split:None|min_samples_leaf:1|min_samples_split:2|min_weight_fraction_leaf:0.0|n_estimators:1000|n_jobs:1|oob_score:False|random_state:12345|verbose:0|warm_start:False,confidence-accuracy,Cognitive,Memory,0.05754163976776603,0.05322288500039383,0.06300405992989536,0.03015184410732503,0.04124189973946331,0.1015367129395357,0.20822619754560553,0.001988725415624182,0.0014384458073958494,-0.0013255084081456258,0.0034679296072007704,0.001501415627038627,-0.0015201456040859096,0.0010562603528612823
29,0.30546292348373527,0.25444156869204015,204,same,36,bootstrap:True|ccp_alpha:0.0|criterion:mse|max_depth:9|max_features:auto|max_leaf_nodes:None|max_samples:None|min_impurity_decrease:0.0|min_impurity_split:None|min_samples_leaf:1|min_samples_split:2|min_weight_fraction_leaf:0.0|n_estimators:1000|n_jobs:1|oob_score:False|random_state:12345|verbose:0|warm_start:False,confidence-accuracy,Cognitive,Memory,0.019131295936309356,0.04007554950953882,0.01669681351856662,0.025007124631231493,0.016831468952176132,0.06638658169534814,0.16672324631950483,-0.0013354447029470863,0.001111102890001825,-0.0042779757138685206,0.0015435172953464082,0.0027898355423501718,0.0034955769617335264,0.0009163858347466913
30,0.2151826245952697,0.19492316914548435,227,same,37,bootstrap:True|ccp_alpha:0.0|criterion:mse|max_depth:9|max_features:auto|max_leaf_nodes:None|max_samples:None|min_impurity_decrease:0.0|min_impurity_split:None|min_samples_leaf:1|min_samples_split:2|min_weight_fraction_leaf:0.0|n_estimators:1000|n_jobs:1|oob_score:False|random_state:12345|verbose:0|warm_start:False,confidence-accuracy,Cognitive,Memory,0.042268313561524454,0.03384265199382321,0.02257894308571946,0.0043487122882732935,-0.0011037127946126324,0.08451937655358262,0.09459469576793614,0.004675208227997852,0.002641374004072272,-0.0017215206050192,0.004104951346620323,-0.002441647727229701,-0.0012197075038431703,0.001928862876271964
31,0.3939356947230753,0.392055576313296,228,same,38,bootstrap:True|ccp_alpha:0.0|criterion:mse|max_depth:9|max_features:auto|max_leaf_nodes:None|max_samples:None|min_impurity_decrease:0.0|min_impurity_split:None|min_samples_leaf:1|min_samples_split:2|min_weight_fraction_leaf:0.0|n_estimators:1000|n_jobs:1|oob_score:False|random_state:12345|verbose:0|warm_start:False,confidence-accuracy,Cognitive,Memory,0.03173367503296698,0.02467982692712236,0.02225716701081033,0.03152135771803808,0.016033411213810612,0.06212586691178286,0.11607556625676163,-0.0013928337411030834,0.0026387235102614424,-0.0005602938284261727,0.000447831210387073,-0.000973144775741952,-0.001679192653063355,0.0008235905294143198
32,0.03455833781269646,-0.2595917505620151,111,same,39,bootstrap:True|ccp_alpha:0.0|criterion:mse|max_depth:9|max_features:auto|max_leaf_nodes:None|max_samples:None|min_impurity_decrease:0.0|min_impurity_split:None|min_samples_leaf:1|min_samples_split:2|min_weight_fraction_leaf:0.0|n_estimators:1000|n_jobs:1|oob_score:False|random_state:12345|verbose:0|warm_start:False,confidence-accuracy,Cognitive,Memory,-0.02441160118435435,0.005785298469211475,-0.021706802437851593,-0.016152579495283127,0.032634214559784526,0.06271179463018253,0.1299972469439742,-0.004016625303527976,0.0011313912197130406,-0.010604647282111657,0.004633744455987099,0.004468820075267543,0.0025975230251774617,0.005939320043784124
33,0.47261764670003237,0.4711719323210867,714,same,4,bootstrap:True|ccp_alpha:0.0|criterion:mse|max_depth:9|max_features:auto|max_leaf_nodes:None|max_samples:None|min_impurity_decrease:0.0|min_impurity_split:None|min_samples_leaf:1|min_samples_split:2|min_weight_fraction_leaf:0.0|n_estimators:1000|n_jobs:1|oob_score:False|random_state:12345|verbose:0|warm_start:False,confidence-accuracy,Cognitive,Memory,0.04223811411570246,0.050940423052818276,0.052931372704021415,0.05289569214021721,0.050885079024877954,0.07777722817074104,0.13115367672294212,0.0006092378796086484,0.00011482898267094477,0.0010607290930616075,-0.00015854855738408613,0.000769435019892728,0.0010092964459101684,0.0017458221195838508
34,-0.10645620565447156,-0.3674718025480128,107,same,40,bootstrap:True|ccp_alpha:0.0|criterion:mse|max_depth:9|max_features:auto|max_leaf_nodes:None|max_samples:None|min_impurity_decrease:0.0|min_impurity_split:None|min_samples_leaf:1|min_samples_split:2|min_weight_fraction_leaf:0.0|n_estimators:1000|n_jobs:1|oob_score:False|random_state:12345|verbose:0|warm_start:False,confidence-accuracy,Cognitive,Memory,0.00015735567317642918,-0.00954695240028287,-0.009893010544482684,-0.022383217523739285,0.0010197536478766978,-0.01193810630376615,0.12379620137750921,0.003214082660064843,-0.007501272971508266,0.009001945762674702,-4.763105475609208e-05,-0.002193777318455448,0.00370844469709275,-0.0038464973041459683
35,-0.10201566896192116,-0.10401198064342965,76,same,41,bootstrap:True|ccp_alpha:0.0|criterion:mse|max_depth:9|max_features:auto|max_leaf_nodes:None|max_samples:None|min_impurity_decrease:0.0|min_impurity_split:None|min_samples_leaf:1|min_samples_split:2|min_weight_fraction_leaf:0.0|n_estimators:1000|n_jobs:1|oob_score:False|random_state:12345|verbose:0|warm_start:False,confidence-accuracy,Cognitive,Memory,0.03290680373796202,-0.03641896341910442,-0.04462602548503329,-0.03058451095487542,-0.04348918221998597,0.013659607570229059,0.040196890253586394,-0.0032685664557750905,-0.009024488243649386,0.00036553695221446246,-0.009342192148178352,0.00735817589619212,-0.007789037350220784,0.018639373689553464
36,-0.10222196784691473,-0.175069207748632,74,same,42,bootstrap:True|ccp_alpha:0.0|criterion:mse|max_depth:9|max_features:auto|max_leaf_nodes:None|max_samples:None|min_impurity_decrease:0.0|min_impurity_split:None|min_samples_leaf:1|min_samples_split:2|min_weight_fraction_leaf:0.0|n_estimators:1000|n_jobs:1|oob_score:False|random_state:12345|verbose:0|warm_start:False,confidence-accuracy,Cognitive,Memory,-0.09235249685236371,-0.013129486140574987,0.09627045363232142,0.011920695772750057,-0.01810451570009066,-0.009402301130515277,0.02459266422978377,-0.0007723491793658166,-0.0012765819450841764,0.017384542892682563,0.0025353598265705824,-0.0026524330873115786,-0.008484914099413298,0.002366318300463499
37,-0.09256607223438684,-0.2084929383231937,110,same,43,bootstrap:True|ccp_alpha:0.0|criterion:mse|max_depth:9|max_features:auto|max_leaf_nodes:None|max_samples:None|min_impurity_decrease:0.0|min_impurity_split:None|min_samples_leaf:1|min_samples_split:2|min_weight_fraction_leaf:0.0|n_estimators:1000|n_jobs:1|oob_score:False|random_state:12345|verbose:0|warm_start:False,confidence-accuracy,Cognitive,Memory,-0.0702725525918341,-0.029800369709088594,-0.026712110034416627,-0.009600008577155084,-0.02078856325441216,-0.002512467111691885,0.009731658569549894,-0.0013994970180529974,0.0009495879962436504,-0.008048182832828887,0.005815093810236771,0.0005246050340311559,-0.0022068192820436485,-0.011345435253380476
38,-0.13184082507665296,-0.190298864761697,104,same,44,bootstrap:True|ccp_alpha:0.0|criterion:mse|max_depth:9|max_features:auto|max_leaf_nodes:None|max_samples:None|min_impurity_decrease:0.0|min_impurity_split:None|min_samples_leaf:1|min_samples_split:2|min_weight_fraction_leaf:0.0|n_estimators:1000|n_jobs:1|oob_score:False|random_state:12345|verbose:0|warm_start:False,confidence-accuracy,Cognitive,Memory,-0.009839991933649862,-0.012799897825015005,-0.022485084150550748,0.008495500165052006,0.0009297157011197488,-0.047875992359623164,0.0029295444845666373,-0.0050367589384928465,-0.002280331975495864,-0.006488183422634108,-0.0022332109565390114,0.00490611249224866,-0.004287350465435535,-0.0016470514192367335
39,-0.03653190021954855,-0.10014702662460517,79,same,45,bootstrap:True|ccp_alpha:0.0|criterion:mse|max_depth:9|max_features:auto|max_leaf_nodes:None|max_samples:None|min_impurity_decrease:0.0|min_impurity_split:None|min_samples_leaf:1|min_samples_split:2|min_weight_fraction_leaf:0.0|n_estimators:1000|n_jobs:1|oob_score:False|random_state:12345|verbose:0|warm_start:False,confidence-accuracy,Cognitive,Memory,0.027652816604751652,-0.02958119321261481,0.007212709304020404,-0.021136940457689435,-0.026737816635794644,-0.016075237928101817,0.019245208163106063,-0.001454219028610293,-0.0011425045605788053,-0.008618694196311606,-0.0010473328389399405,0.002932158243804528,0.004075177250626849,0.005137477056171402
40,0.0919661014691735,0.05230783240126924,107,same,46,bootstrap:True|ccp_alpha:0.0|criterion:mse|max_depth:9|max_features:auto|max_leaf_nodes:None|max_samples:None|min_impurity_decrease:0.0|min_impurity_split:None|min_samples_leaf:1|min_samples_split:2|min_weight_fraction_leaf:0.0|n_estimators:1000|n_jobs:1|oob_score:False|random_state:12345|verbose:0|warm_start:False,confidence-accuracy,Cognitive,Memory,0.010775380145063318,-0.007301935660213687,0.009690579333820892,-0.0024620491148938718,-0.0010125236540646566,0.027652986092942332,0.05888631570659666,-0.0011241685937353196,-0.0012498578715141484,-0.006806411148115999,-0.003783490829766256,-3.0882343364124766e-06,-0.0011774229777703482,-0.009777287264473977
41,-0.1157025962324092,-0.3828102559658164,117,same,47,bootstrap:True|ccp_alpha:0.0|criterion:mse|max_depth:9|max_features:auto|max_leaf_nodes:None|max_samples:None|min_impurity_decrease:0.0|min_impurity_split:None|min_samples_leaf:1|min_samples_split:2|min_weight_fraction_leaf:0.0|n_estimators:1000|n_jobs:1|oob_score:False|random_state:12345|verbose:0|warm_start:False,confidence-accuracy,Cognitive,Memory,0.0018237108870062357,0.0006326149320467156,0.01572270508491793,-0.019376038518151527,0.06389938861623726,-0.03140147164223213,0.05799709449403099,-0.010462995235245343,-0.0038741481139031642,0.0013378271117674423,-0.00012406741619890304,9.859228832298506e-05,0.0031151336011287166,0.0016407153603159585
42,-0.1507241213087973,-0.3018895397473489,91,same,48,bootstrap:True|ccp_alpha:0.0|criterion:mse|max_depth:9|max_features:auto|max_leaf_nodes:None|max_samples:None|min_impurity_decrease:0.0|min_impurity_split:None|min_samples_leaf:1|min_samples_split:2|min_weight_fraction_leaf:0.0|n_estimators:1000|n_jobs:1|oob_score:False|random_state:12345|verbose:0|warm_start:False,confidence-accuracy,Cognitive,Memory,0.0043614031470767586,-0.0660518577374333,-0.014065803432742241,-0.02038976491748503,0.021094078006842976,-0.021570481134472484,-0.03364431624654305,-2.4833903775345335e-05,-0.005417543290570004,0.010220122344312799,0.013931429353972869,-0.007322293887403753,0.005004769935253295,-0.004666691831574132
43,-0.01642576182558786,-0.21356812449787022,110,same,49,bootstrap:True|ccp_alpha:0.0|criterion:mse|max_depth:9|max_features:auto|max_leaf_nodes:None|max_samples:None|min_impurity_decrease:0.0|min_impurity_split:None|min_samples_leaf:1|min_samples_split:2|min_weight_fraction_leaf:0.0|n_estimators:1000|n_jobs:1|oob_score:False|random_state:12345|verbose:0|warm_start:False,confidence-accuracy,Cognitive,Memory,0.015834114675075384,0.013153531246149309,-0.00606658132695157,0.017082558482839617,-0.023875308150778273,0.04712941207988495,0.013015218630489999,-0.0012746915216470533,0.0026130138244204737,0.005458460601154869,0.001149920907684132,0.005210747589880693,0.007732207603645414,0.0035223619266452565
44,0.23728380941070049,0.20727042635024917,586,same,5,bootstrap:True|ccp_alpha:0.0|criterion:mse|max_depth:9|max_features:auto|max_leaf_nodes:None|max_samples:None|min_impurity_decrease:0.0|min_impurity_split:None|min_samples_leaf:1|min_samples_split:2|min_weight_fraction_leaf:0.0|n_estimators:1000|n_jobs:1|oob_score:False|random_state:12345|verbose:0|warm_start:False,confidence-accuracy,Cognitive,Memory,0.0254824584329846,0.01074584320276244,0.017279632536091195,0.017117683686848118,0.008893913024102007,0.037580088131871636,0.08044264940528201,-0.0011667830824025893,0.00045797914762450985,0.002647866342583982,-3.6843478663750596e-05,-0.00018964951082784954,0.0015197214309657036,-0.0004664220725037804
45,0.18800658111945223,0.14106611267452562,118,same,50,bootstrap:True|ccp_alpha:0.0|criterion:mse|max_depth:9|max_features:auto|max_leaf_nodes:None|max_samples:None|min_impurity_decrease:0.0|min_impurity_split:None|min_samples_leaf:1|min_samples_split:2|min_weight_fraction_leaf:0.0|n_estimators:1000|n_jobs:1|oob_score:False|random_state:12345|verbose:0|warm_start:False,confidence-accuracy,Cognitive,Memory,-0.00033110193992904604,-0.010253401399774575,0.008808186982253519,0.016057222006431116,0.025395373076075534,0.037063899294202195,0.07704610463713288,-0.0022638848913108635,-0.002903841314359168,-0.0019869005774158176,-0.0030794405206635346,0.0011285270552808591,-0.0010547133282365006,0.0014449053383263077
46,0.031276552497986665,0.028642316009326763,67,same,51,bootstrap:True|ccp_alpha:0.0|criterion:mse|max_depth:9|max_features:auto|max_leaf_nodes:None|max_samples:None|min_impurity_decrease:0.0|min_impurity_split:None|min_samples_leaf:1|min_samples_split:2|min_weight_fraction_leaf:0.0|n_estimators:1000|n_jobs:1|oob_score:False|random_state:12345|verbose:0|warm_start:False,confidence-accuracy,Cognitive,Memory,0.030834562889947636,0.043685736314399426,-0.02280674936610687,0.00012188358919267284,-0.008603938732768013,-0.010526278404391997,0.10226208858089551,0.0006409427502533261,0.005165809059260873,0.0006391541619540364,-0.0015460246812745825,0.001765298938890969,-0.002499087899905561,0.0034997015863493575
47,0.1389715693231628,0.07301758880910836,110,same,52,bootstrap:True|ccp_alpha:0.0|criterion:mse|max_depth:9|max_features:auto|max_leaf_nodes:None|max_samples:None|min_impurity_decrease:0.0|min_impurity_split:None|min_samples_leaf:1|min_samples_split:2|min_weight_fraction_leaf:0.0|n_estimators:1000|n_jobs:1|oob_score:False|random_state:12345|verbose:0|warm_start:False,confidence-accuracy,Cognitive,Memory,0.011279249256091672,-0.02084161969508973,-0.0054144761008117605,0.021404368781867487,-0.010809613337635438,0.09212762036446809,0.08608619475221604,-0.010246300173476764,-0.00534491696727637,-0.006898024896645727,-0.0023584006585327887,-0.00430457809710314,-0.003934262852281822,0.0022168641009620905
48,0.015949704714186774,0.006953072238575997,110,same,53,bootstrap:True|ccp_alpha:0.0|criterion:mse|max_depth:9|max_features:auto|max_leaf_nodes:None|max_samples:None|min_impurity_decrease:0.0|min_impurity_split:None|min_samples_leaf:1|min_samples_split:2|min_weight_fraction_leaf:0.0|n_estimators:1000|n_jobs:1|oob_score:False|random_state:12345|verbose:0|warm_start:False,confidence-accuracy,Cognitive,Memory,0.04339333099332361,0.024432186229942275,-0.0067707049852306685,0.041574745307624596,-0.008673587302631791,0.03961726866989039,0.024046503698727583,-0.000787321300206445,-0.0016933390496171262,-0.0030452461404250953,0.00687287059090178,-0.00264291074906422,-0.00793092340127286,-0.0014502488247892576
49,0.09977038268712812,-0.22208423195766747,102,same,54,bootstrap:True|ccp_alpha:0.0|criterion:mse|max_depth:9|max_features:auto|max_leaf_nodes:None|max_samples:None|min_impurity_decrease:0.0|min_impurity_split:None|min_samples_leaf:1|min_samples_split:2|min_weight_fraction_leaf:0.0|n_estimators:1000|n_jobs:1|oob_score:False|random_state:12345|verbose:0|warm_start:False,confidence-accuracy,Cognitive,Memory,-0.01204368241597451,-0.009372252936112213,-0.01572335812565444,-0.016248667156785346,0.003921252998792113,0.028745050251612003,0.14433070967947934,0.001762127509340905,-0.0020201645089152676,0.008069736305899666,0.0011878993650240143,0.004006435736390213,-0.01744292933963758,-0.002399622646994115
50,-0.1939704618427449,-0.46877918368833527,109,same,55,bootstrap:True|ccp_alpha:0.0|criterion:mse|max_depth:9|max_features:auto|max_leaf_nodes:None|max_samples:None|min_impurity_decrease:0.0|min_impurity_split:None|min_samples_leaf:1|min_samples_split:2|min_weight_fraction_leaf:0.0|n_estimators:1000|n_jobs:1|oob_score:False|random_state:12345|verbose:0|warm_start:False,confidence-accuracy,Cognitive,Memory,-0.006816047412467397,0.007310290412515829,-0.03434066701724307,0.0032385777442255127,0.0080880199338901,-0.03911764747269344,0.0018295045493912365,0.004720297378975636,0.0029162026186573264,0.004062777225063962,0.006386946501396595,-0.0008934767468320004,0.001050705559777132,-0.004870142615707706
51,0.0955756817364053,-0.055745635159568874,595,same,6,bootstrap:True|ccp_alpha:0.0|criterion:mse|max_depth:9|max_features:auto|max_leaf_nodes:None|max_samples:None|min_impurity_decrease:0.0|min_impurity_split:None|min_samples_leaf:1|min_samples_split:2|min_weight_fraction_leaf:0.0|n_estimators:1000|n_jobs:1|oob_score:False|random_state:12345|verbose:0|warm_start:False,confidence-accuracy,Cognitive,Memory,0.0032983104143797792,-0.0011762232989935173,0.004581120198363697,0.03425618310769345,0.006168343697553369,0.010638498427268139,0.08664534124371104,-0.003638923335224575,0.00020059496887250283,0.0018788217381419114,0.0019427907426988744,-0.00028961550634383216,-0.003270885088745046,0.0009875086649177467
52,0.2544122296955773,0.17703924490550726,660,same,7,bootstrap:True|ccp_alpha:0.0|criterion:mse|max_depth:9|max_features:auto|max_leaf_nodes:None|max_samples:None|min_impurity_decrease:0.0|min_impurity_split:None|min_samples_leaf:1|min_samples_split:2|min_weight_fraction_leaf:0.0|n_estimators:1000|n_jobs:1|oob_score:False|random_state:12345|verbose:0|warm_start:False,confidence-accuracy,Cognitive,Memory,0.004421866261773611,0.01990297297771344,0.021381319429049972,-0.004018963281343435,0.019166589581460093,0.047330333046695316,0.16926914999303894,-0.0008735775643786692,1.4017122963561057e-05,-0.0004384342387143469,0.0001125187801368721,0.00023707215044619368,0.0002435443855556718,7.063727574263545e-06
53,0.2211320869253689,0.20610300296736517,602,same,8,bootstrap:True|ccp_alpha:0.0|criterion:mse|max_depth:9|max_features:auto|max_leaf_nodes:None|max_samples:None|min_impurity_decrease:0.0|min_impurity_split:None|min_samples_leaf:1|min_samples_split:2|min_weight_fraction_leaf:0.0|n_estimators:1000|n_jobs:1|oob_score:False|random_state:12345|verbose:0|warm_start:False,confidence-accuracy,Cognitive,Memory,0.010905546977535962,0.017458999767268592,0.020497835693365475,0.018131768121939108,0.021851226073724826,0.031228783293845062,0.08835630895116611,0.0013199325248320459,0.00012155557550170837,0.0009150362357010833,0.003463029507117588,0.001720772817045657,0.0009164059434805915,0.0015370326466062289
54,0.2986898580480245,0.2876466125105104,687,same,9,bootstrap:True|ccp_alpha:0.0|criterion:mse|max_depth:9|max_features:auto|max_leaf_nodes:None|max_samples:None|min_impurity_decrease:0.0|min_impurity_split:None|min_samples_leaf:1|min_samples_split:2|min_weight_fraction_leaf:0.0|n_estimators:1000|n_jobs:1|oob_score:False|random_state:12345|verbose:0|warm_start:False,confidence-accuracy,Cognitive,Memory,0.015834922527487482,0.018314869134986055,0.02391164239146879,0.013631222619619621,0.026891217004990996,0.04796310315001686,0.08272917331880017,0.00024363282679105148,-0.0002982498653447241,-0.0009828426065167984,0.00017183151326933822,-0.0006834415039893126,-0.0008516918973475729,-0.0004362652714608339
55,0.0624235594496253,-0.04529874602897821,201,same,AU0903,bootstrap:True|ccp_alpha:0.0|criterion:mse|max_depth:9|max_features:auto|max_leaf_nodes:None|max_samples:None|min_impurity_decrease:0.0|min_impurity_split:None|min_samples_leaf:1|min_samples_split:2|min_weight_fraction_leaf:0.0|n_estimators:1000|n_jobs:1|oob_score:False|random_state:12345|verbose:0|warm_start:False,confidence-accuracy,Cognitive,Memory,0.00911795046155981,-0.007363814401029667,0.009312523338397938,0.008830391279866045,-0.017264590039239837,0.010933377556072066,0.10579483191250086,0.001669512167619258,0.0015773350074518079,-0.0009200374632925889,-0.0004978232060769639,0.0009872939839888906,-0.0006180405712932213,-0.0005711970762514396
56,-0.011877231504610508,-0.3150038122232679,209,same,Ak1804,bootstrap:True|ccp_alpha:0.0|criterion:mse|max_depth:9|max_features:auto|max_leaf_nodes:None|max_samples:None|min_impurity_decrease:0.0|min_impurity_split:None|min_samples_leaf:1|min_samples_split:2|min_weight_fraction_leaf:0.0|n_estimators:1000|n_jobs:1|oob_score:False|random_state:12345|verbose:0|warm_start:False,confidence-accuracy,Cognitive,Memory,-0.0038200925524462413,-0.0037872356581375444,-0.026749794178606567,-0.028153694354629267,-0.010318600581499715,0.024509640608477046,0.09224392825741971,-0.00181687695578443,0.0006681875121302472,0.00040716005352088304,0.0015774204546675553,0.003052821390877103,0.00011778599812899415,-0.0013544458883854471
57,-0.16162877892804328,-0.6186097598123208,77,same,IJ0305,bootstrap:True|ccp_alpha:0.0|criterion:mse|max_depth:9|max_features:auto|max_leaf_nodes:None|max_samples:None|min_impurity_decrease:0.0|min_impurity_split:None|min_samples_leaf:1|min_samples_split:2|min_weight_fraction_leaf:0.0|n_estimators:1000|n_jobs:1|oob_score:False|random_state:12345|verbose:0|warm_start:False,confidence-accuracy,Cognitive,Memory,0.011128652295496932,0.027429165399266032,-0.0049714336951602435,-0.019977036588732046,-0.07035712583812885,-0.0234851913386386,0.11772131023676632,0.005686422310902684,-0.0030584437927618337,-0.04201494254258313,-0.006894345762487442,-0.002822936482316063,-0.001338093418713715,0.0034380449389248557
58,0.03721682707079765,-0.01584827231219399,193,same,Lea,bootstrap:True|ccp_alpha:0.0|criterion:mse|max_depth:9|max_features:auto|max_leaf_nodes:None|max_samples:None|min_impurity_decrease:0.0|min_impurity_split:None|min_samples_leaf:1|min_samples_split:2|min_weight_fraction_leaf:0.0|n_estimators:1000|n_jobs:1|oob_score:False|random_state:12345|verbose:0|warm_start:False,confidence-accuracy,Cognitive,Memory,0.019571885263487944,0.010209969415588317,-0.018004009347336303,0.002879845785595636,-0.007989686810822617,-0.005626071193626836,0.05337848216155183,6.575933930503819e-05,0.0011772509953789979,0.000781441729672383,-0.0006039796700554767,-0.00010342927973947536,0.0028253792890188035,0.0013639400824928983
59,0.03933723799029443,-0.07049713515360145,209,same,MB2410,bootstrap:True|ccp_alpha:0.0|criterion:mse|max_depth:9|max_features:auto|max_leaf_nodes:None|max_samples:None|min_impurity_decrease:0.0|min_impurity_split:None|min_samples_leaf:1|min_samples_split:2|min_weight_fraction_leaf:0.0|n_estimators:1000|n_jobs:1|oob_score:False|random_state:12345|verbose:0|warm_start:False,confidence-accuracy,Cognitive,Memory,-0.011646056814092942,-0.002255350272900114,-0.016073353450373817,0.008370445850475994,-0.012314950118756541,0.027551181221493894,0.09360608779720628,0.0014183056666507766,-0.0007356153219025164,0.001544544280984561,0.00048467866393964165,-0.00016510510629732522,4.3390401394227673e-05,-0.003707271261610057
60,-0.07194888610806527,-0.47636671833527133,93,same,NG,bootstrap:True|ccp_alpha:0.0|criterion:mse|max_depth:9|max_features:auto|max_leaf_nodes:None|max_samples:None|min_impurity_decrease:0.0|min_impurity_split:None|min_samples_leaf:1|min_samples_split:2|min_weight_fraction_leaf:0.0|n_estimators:1000|n_jobs:1|oob_score:False|random_state:12345|verbose:0|warm_start:False,confidence-accuracy,Cognitive,Memory,-0.08661887385863443,-0.06408007659937917,-0.05088412485940974,-0.03588507553048648,0.007145285819303959,0.038347978702578264,0.16339800573929386,0.0025403071464635387,-0.0016708429578421225,-0.0025399629120849364,-0.000800709720992554,0.002693395853677183,0.0037087336287127126,0.0002228799212745436
61,-0.08581837483296417,-0.1313761568961942,148,same,PD1907,bootstrap:True|ccp_alpha:0.0|criterion:mse|max_depth:9|max_features:auto|max_leaf_nodes:None|max_samples:None|min_impurity_decrease:0.0|min_impurity_split:None|min_samples_leaf:1|min_samples_split:2|min_weight_fraction_leaf:0.0|n_estimators:1000|n_jobs:1|oob_score:False|random_state:12345|verbose:0|warm_start:False,confidence-accuracy,Cognitive,Memory,-0.009072931707411946,0.014357149309054008,-0.006599075787996433,0.01323420758621956,0.015105680262706844,-0.06873063569732998,-0.008082487640158486,-7.908683108772684e-05,-0.0036014417312675738,0.002136699198281811,0.002445605084260327,0.0047488148395121495,1.8115830067522155e-05,-0.004473786494588827
62,-0.13302626289099706,-0.181806115639511,209,same,P_10848,bootstrap:True|ccp_alpha:0.0|criterion:mse|max_depth:9|max_features:auto|max_leaf_nodes:None|max_samples:None|min_impurity_decrease:0.0|min_impurity_split:None|min_samples_leaf:1|min_samples_split:2|min_weight_fraction_leaf:0.0|n_estimators:1000|n_jobs:1|oob_score:False|random_state:12345|verbose:0|warm_start:False,confidence-accuracy,Cognitive,Memory,-0.001115754990095885,-0.007834953901858777,0.0426772030869087,-0.02048826393790475,-0.0031105838794509566,0.007669991375124097,-0.020589607653459206,-0.0010772127286892807,-0.0009926408962324107,-0.0009098925060774032,0.00033981624503729433,-0.001895555151403805,0.0007709816506083822,-8.253690822987992e-05
63,-0.06732164068277458,-0.14090341619903435,149,same,an1312,bootstrap:True|ccp_alpha:0.0|criterion:mse|max_depth:9|max_features:auto|max_leaf_nodes:None|max_samples:None|min_impurity_decrease:0.0|min_impurity_split:None|min_samples_leaf:1|min_samples_split:2|min_weight_fraction_leaf:0.0|n_estimators:1000|n_jobs:1|oob_score:False|random_state:12345|verbose:0|warm_start:False,confidence-accuracy,Cognitive,Memory,-0.02484688229782752,-0.005316380583822511,-0.005085457702992268,0.00792286088303249,-0.0036855070720425154,-0.017135970755594254,0.007875724934595318,-0.0012140064114713578,-0.0017921106677590616,0.0007795728782518108,0.000690818550953498,-0.0064557436349288455,-0.005735374044507769,0.00293961412139665
64,-0.09844024972697274,-0.3347242739933569,209,same,do2205,bootstrap:True|ccp_alpha:0.0|criterion:mse|max_depth:9|max_features:auto|max_leaf_nodes:None|max_samples:None|min_impurity_decrease:0.0|min_impurity_split:None|min_samples_leaf:1|min_samples_split:2|min_weight_fraction_leaf:0.0|n_estimators:1000|n_jobs:1|oob_score:False|random_state:12345|verbose:0|warm_start:False,confidence-accuracy,Cognitive,Memory,-0.006302512319907016,-0.0017282848500010494,-0.03381532845392412,-0.02745717698992429,-0.008088204415607292,0.023490845308999787,0.010440613747194228,-0.002876904444359241,0.0013650213162017533,-0.004081112024793931,0.0005710169900673634,0.0002815824195072647,-0.0007840034279274378,-0.0008220016999707092
65,-0.09184933234050385,-0.17093653740566528,93,same,katost,bootstrap:True|ccp_alpha:0.0|criterion:mse|max_depth:9|max_features:auto|max_leaf_nodes:None|max_samples:None|min_impurity_decrease:0.0|min_impurity_split:None|min_samples_leaf:1|min_samples_split:2|min_weight_fraction_leaf:0.0|n_estimators:1000|n_jobs:1|oob_score:False|random_state:12345|verbose:0|warm_start:False,confidence-accuracy,Cognitive,Memory,0.03223448840687491,-0.0196505033464498,-0.00028510604188669575,-0.0046148948169394185,0.03143064999418819,0.03251677746640795,0.021352050022764923,0.0008057073527068858,0.0004893896661741781,0.003890925634441977,-0.0011720420975514846,0.00027714600041806037,0.0011321128298118488,-0.0008835861216899942
66,-0.07590948682073306,-0.23199739549730536,173,same,km0610,bootstrap:True|ccp_alpha:0.0|criterion:mse|max_depth:9|max_features:auto|max_leaf_nodes:None|max_samples:None|min_impurity_decrease:0.0|min_impurity_split:None|min_samples_leaf:1|min_samples_split:2|min_weight_fraction_leaf:0.0|n_estimators:1000|n_jobs:1|oob_score:False|random_state:12345|verbose:0|warm_start:False,confidence-accuracy,Cognitive,Memory,0.00440005274826194,0.016037449435946184,-0.003165852940153746,0.029736733558853777,-0.001875883863175698,0.010932213255357714,0.09677122117760431,-0.00089184666939226,-0.0019447978673971188,-0.0007700047984557035,0.0023733304575714433,0.002744645641660082,0.008397407350907705,0.001602746633377361
67,-0.17899089351749065,-0.4387459377291938,24,same,kma25,bootstrap:True|ccp_alpha:0.0|criterion:mse|max_depth:9|max_features:auto|max_leaf_nodes:None|max_samples:None|min_impurity_decrease:0.0|min_impurity_split:None|min_samples_leaf:1|min_samples_split:2|min_weight_fraction_leaf:0.0|n_estimators:1000|n_jobs:1|oob_score:False|random_state:12345|verbose:0|warm_start:False,confidence-accuracy,Cognitive,Memory,-0.04372220514316005,0.04740056042147169,-0.03032630784345618,-0.018709916808074302,0.001012113893879052,-0.01934988080270057,0.034631425412626024,0.004812888352484013,-0.005103195088919143,0.00034461152886362535,-0.003664453279046631,-0.002734677708018429,0.0053948636507615165,-0.008667847260606543
68,0.25808628990474847,0.15028047427715518,165,same,mJ2510,bootstrap:True|ccp_alpha:0.0|criterion:mse|max_depth:9|max_features:auto|max_leaf_nodes:None|max_samples:None|min_impurity_decrease:0.0|min_impurity_split:None|min_samples_leaf:1|min_samples_split:2|min_weight_fraction_leaf:0.0|n_estimators:1000|n_jobs:1|oob_score:False|random_state:12345|verbose:0|warm_start:False,confidence-accuracy,Cognitive,Memory,0.0161873424050162,0.04402561727400185,0.04019819464651912,0.003734981147765981,0.02526275027712168,0.046213812978088284,0.12644531661336336,-0.0006103573329912626,-0.0003906838184179584,-0.0007883488926875515,-6.0562054513768615e-05,3.900618706198511e-05,-0.0003987753427889151,-0.0005463009917106021
69,-0.041360513595080084,-0.26229533935885785,101,same,madu,bootstrap:True|ccp_alpha:0.0|criterion:mse|max_depth:9|max_features:auto|max_leaf_nodes:None|max_samples:None|min_impurity_decrease:0.0|min_impurity_split:None|min_samples_leaf:1|min_samples_split:2|min_weight_fraction_leaf:0.0|n_estimators:1000|n_jobs:1|oob_score:False|random_state:12345|verbose:0|warm_start:False,confidence-accuracy,Cognitive,Memory,-0.03906936650687818,-0.04356693134714702,0.014230669167361843,-0.02108734208858003,-0.033708226456166446,-0.008667565385605735,0.18468749999592443,-0.003052103186618993,-0.0008090044761613679,-0.007721483749772906,0.0060799830019125254,-0.0005915567103838004,0.0008963710609312337,-0.000736992084511634
70,0.1152276807972048,-0.028183484360742694,85,same,mg1504,bootstrap:True|ccp_alpha:0.0|criterion:mse|max_depth:9|max_features:auto|max_leaf_nodes:None|max_samples:None|min_impurity_decrease:0.0|min_impurity_split:None|min_samples_leaf:1|min_samples_split:2|min_weight_fraction_leaf:0.0|n_estimators:1000|n_jobs:1|oob_score:False|random_state:12345|verbose:0|warm_start:False,confidence-accuracy,Cognitive,Memory,-0.011769014961145218,0.01173977587461399,-0.01400628181140653,-0.03871090739197454,0.0012145304906806763,0.010794347602744692,0.0833280589787937,-0.002293804364554508,-0.0028776518094716817,0.01093384435485072,0.0006185026812704608,-0.003704396358303197,-0.0017140803384896098,-0.0024702246059359334
71,0.0970943684687563,0.049899445515480645,101,same,mk0309,bootstrap:True|ccp_alpha:0.0|criterion:mse|max_depth:9|max_features:auto|max_leaf_nodes:None|max_samples:None|min_impurity_decrease:0.0|min_impurity_split:None|min_samples_leaf:1|min_samples_split:2|min_weight_fraction_leaf:0.0|n_estimators:1000|n_jobs:1|oob_score:False|random_state:12345|verbose:0|warm_start:False,confidence-accuracy,Cognitive,Memory,-0.009881115273457697,0.0009030050558332059,-0.02322890498293313,-0.01778135295622405,-0.011332477814702835,0.035536176448909496,0.21372195236778796,-0.0004749907611916182,-0.001140493471950732,-0.002198505365322889,-0.0002649350312941001,-0.0001264849516598332,0.0015122387645780445,-0.00024742636023999953
72,-0.08922855862726342,-0.8349251019333304,101,same,snowboardzistka,bootstrap:True|ccp_alpha:0.0|criterion:mse|max_depth:9|max_features:auto|max_leaf_nodes:None|max_samples:None|min_impurity_decrease:0.0|min_impurity_split:None|min_samples_leaf:1|min_samples_split:2|min_weight_fraction_leaf:0.0|n_estimators:1000|n_jobs:1|oob_score:False|random_state:12345|verbose:0|warm_start:False,confidence-accuracy,Cognitive,Memory,0.030579595010378834,0.0029399580513885136,0.02077412243235268,-0.01276266423621819,0.028108664197614576,0.01722669587852521,-0.09691526351486843,0.0012334463189950019,-0.0013143344422863468,-0.0005058225217256851,0.0005643474172873919,0.00021674093898518265,-0.0006021187875400625,-0.0001615059766612692
73,0.30120235794955563,0.22484307236198953,157,same,st0704,bootstrap:True|ccp_alpha:0.0|criterion:mse|max_depth:9|max_features:auto|max_leaf_nodes:None|max_samples:None|min_impurity_decrease:0.0|min_impurity_split:None|min_samples_leaf:1|min_samples_split:2|min_weight_fraction_leaf:0.0|n_estimators:1000|n_jobs:1|oob_score:False|random_state:12345|verbose:0|warm_start:False,confidence-accuracy,Cognitive,Memory,0.01925622965911713,0.002116689985024478,0.012315556699919017,0.013381680730064249,0.003667127059276254,0.010551857211579408,0.245784271034824,0.006779012705041598,0.0012745615078069371,0.0050752027189474355,0.0010516487279700558,-0.0012374250486559602,0.000713972454858669,0.004823787550472081
74,0.06516943669408337,-1.0814789840075276,209,same,wp3004,bootstrap:True|ccp_alpha:0.0|criterion:mse|max_depth:9|max_features:auto|max_leaf_nodes:None|max_samples:None|min_impurity_decrease:0.0|min_impurity_split:None|min_samples_leaf:1|min_samples_split:2|min_weight_fraction_leaf:0.0|n_estimators:1000|n_jobs:1|oob_score:False|random_state:12345|verbose:0|warm_start:False,confidence-accuracy,Cognitive,Memory,0.017875044469964508,-0.004207279233531769,-0.008069751729162888,0.0010188854314555408,0.012964120206009367,-0.0014252036611025255,0.09662845227013706,0.004126217327611381,-0.0014748244866154224,-0.0022219731014505363,-7.111222462923284e-05,0.0019438360550556588,-0.0006931312748647,0.0007189428495447903
